[
    {
       "firstName":"Janne",
       "lastName":"Schillebeeckx",
       "userName":"Janne",
       "hashedPassword":"sha1$b051e393$1$c366c6a34d01a6d534f7370c44af25e7a9eab54d",
       "isAdmin":true,
       "currentPrivateCode":""
    },
    {
       "firstName":"Wannes",
       "lastName":"Schillebeeckx",
       "userName":"Wannes",
       "hashedPassword":"sha1$5b5c77de$1$b2e6c9e78ec2f363ea6ecfeb5624fc586a033e4a",
       "isAdmin":true,
       "currentPrivateCode":""
    },
    {
       "firstName":"Wout",
       "lastName":"Vanherf",
       "userName":"Wout",
       "hashedPassword":"sha1$52198835$1$6262b73e1d70a602b399308b8fd46dfcc3b276e3",
       "isAdmin":true,
       "currentPrivateCode":""
    },
    {
       "firstName":"Anja",
       "lastName":"Bijnens",
       "userName":"Anja",
       "hashedPassword":"sha1$8cf41f0f$1$aa37401b1096ed324e5524d90f16bb7bee2e3e97",
       "isAdmin":true,
       "currentPrivateCode":""
    },
    {
       "firstName":"Peter",
       "lastName":"Schillebeeckx",
       "userName":"Peter",
       "hashedPassword":"sha1$65cd31e7$1$94488ae521a44c50808bacab3a42d0b766fbaaca",
       "isAdmin":true,
       "currentPrivateCode":""
    }
 ]