[{"id":"0","title":"Maskers","description":"Acrylverf op doek 80x120","type":"Schilderij","paintingamount":"1","price":"585","buystate":"Verkocht","views":70,"uploadDate":"2023-01-20T17:14:15.773Z","alt":"Schilderij van BijnensArt"},{"id":"1","title":"Verbonden","description":"Acrylverf op doek 80x120","type":"Schilderij","paintingamount":"1","price":"585","buystate":"Te koop","views":53,"uploadDate":"Fri Jul 23 2021 00:00:00 GMT+0200 (Midden-Europese zomertijd)","alt":"Schilderij van BijnensArt"},{"id":"2","title":"Grens","description":"Acrylverf op doek 60 x 60","type":"Schilderij","paintingamount":"1","price":"250","buystate":"Verkocht","views":22,"uploadDate":"Fri Jul 23 2021 00:00:00 GMT+0200 (Midden-Europese zomertijd)","alt":"Schilderij van BijnensArt"},{"id":"3","title":"Im a bird","description":"Acrylverf op doek 80 x 120","type":"Schilderij","paintingamount":"1","price":"585","buystate":"te koop","views":53,"uploadDate":"Fri Jul 23 2021 00:00:00 GMT+0200 (Midden-Europese zomertijd)","alt":"Schilderij van BijnensArt"},{"id":"4","title":"Verbonden XL","description":"Acrylverf op doek 2x (120x180) tweeluik","type":"Schilderij","paintingamount":"1","price":"2x 1170","buystate":"opdracht/verkocht","views":32,"uploadDate":"Fri Jul 23 2021 00:00:00 GMT+0200 (Midden-Europese zomertijd)","alt":"Schilderij van BijnensArt"},{"id":"5","title":"Mixed Emotions","paintingamount":"1","description":"Acrylverf op doek 180 x 120","type":"Schilderij","price":"1170","buystate":"Verkocht/op bestelling","views":15,"uploadDate":"Fri Jul 23 2021 00:00:00 GMT+0200 (Midden-Europese zomertijd)","alt":"Schilderij van BijnensArt"},{"id":"6","title":"Outdoor birds","paintingamount":"1","description":"Acrylverf op doek 80x140","type":"Schilderij","price":"655","buystate":"Verkocht","views":27,"uploadDate":"Fri Jul 23 2021 00:00:00 GMT+0200 (Midden-Europese zomertijd)","alt":"Schilderij van BijnensArt"},{"id":"7","title":"Connected with nature","description":"Acrylverf op doek 2x (100x100) 2 luik","type":"Schilderij","paintingamount":"2","price":"1170","buystate":"Verkocht/Op bestelling","views":39,"uploadDate":"Fri Jul 23 2021 00:00:00 GMT+0200 (Midden-Europese zomertijd)","alt":"Schilderij van BijnensArt"},{"id":"8","title":"A funny twist","paintingamount":"2","description":"Acrylverf op doek 80x120","type":"Schilderij","price":"600","buystate":"Te koop","views":25,"uploadDate":"Fri Jul 23 2021 00:00:00 GMT+0200 (Midden-Europese zomertijd)","alt":"Schilderij van BijnensArt"},{"id":"9","title":"Facades","description":"Acrylverf op doek 3x (50x150) 3 luik","type":"Schilderij","paintingamount":"1","price":"1200","buystate":"Te koop","views":19,"uploadDate":"Fri Jul 23 2021 00:00:00 GMT+0200 (Midden-Europese zomertijd)","alt":"Schilderij van BijnensArt"},{"id":10,"title":"Im a bird","description":"H 48 cm Acryl indoor lak op porseleingips.","type":"Sculptuur","paintingamount":4,"price":"0","buystate":"NVT","views":42,"uploadDate":"2022-02-13T20:59:41.126Z","alt":"Sculptuur van BijnensArt"},{"id":"11","title":"Impressie","description":"Acrylverf op doek 50x150","type":"Schilderij","paintingamount":"1","price":"440","buystate":"Verkocht/Op bestelling","views":24,"uploadDate":"Fri Jul 23 2021 00:00:00 GMT+0200 (Midden-Europese zomertijd)","alt":"Schilderij van BijnensArt"},{"id":"12","title":"Im a Fish","description":"Acrylverf outdoor op keramiek H34","type":"Sculptuur","paintingamount":"1","price":"550","buystate":"Te Koop","views":27,"uploadDate":"Fri Jul 23 2021 00:00:00 GMT+0200 (Midden-Europese zomertijd)","alt":"Sculptuur van BijnensArt"},{"id":"13","title":"Chihuahua","description":"Acrylverf outdoor op polyester H38","type":"Sculptuur","paintingamount":"1","price":"190","buystate":"Te koop","views":39,"uploadDate":"Fri Jul 23 2021 00:00:00 GMT+0200 (Midden-Europese zomertijd)","alt":"Sculptuur van BijnensArt"},{"id":"14","title":"Outdoor Kat","description":"Acrylverf outdoor op polyester H 45","type":"Sculptuur","paintingamount":"1","price":"195","buystate":"Verkocht/Op bestelling","views":71,"uploadDate":"Fri Jul 23 2021 00:00:00 GMT+0200 (Midden-Europese zomertijd)","alt":"Sculptuur van BijnensArt"},{"id":"15","title":"Outdoor Kat zittend","description":"Acrylverf outdoor op polyester H 40","type":"Sculptuur","paintingamount":"1","price":"195","buystate":"Te koop","views":31,"uploadDate":"Fri Jul 23 2021 00:00:00 GMT+0200 (Midden-Europese zomertijd)","alt":"Sculptuur van BijnensArt"},{"id":"16","title":"Im a fish","description":"Acrylverf indoor op Keramiek","type":"Sculptuur","paintingamount":"1","price":"550","buystate":"Verkocht/Op bestelling","views":19,"uploadDate":"Fri Jul 23 2021 00:00:00 GMT+0200 (Midden-Europese zomertijd)","alt":"Sculptuur van BijnensArt"},{"id":"17","title":"Zweeds Dalahast paardje","description":"Acrylverf indoor op hout H25","type":"Sculptuur","paintingamount":"1","price":"130","buystate":"Te koop","views":16,"uploadDate":"Fri Jul 23 2021 00:00:00 GMT+0200 (Midden-Europese zomertijd)","alt":"Schilderij van BijnensArt"},{"id":"18","title":"Ballonhondje roze","description":"Acrylverf indoor op kunsthars 20cm","type":"Sculptuur","paintingamount":"1","price":"130","buystate":"Te koop","views":6,"uploadDate":"Fri Jul 23 2021 00:00:00 GMT+0200 (Midden-Europese zomertijd)","alt":"Sculptuur van BijnensArt"},{"id":"19","title":"Ballonhondje gekleurd","description":"Acrylverf indoor op kunsthars 20cm","type":"Sculptuur","paintingamount":"1","price":"130","buystate":"Te koop","views":16,"uploadDate":"Fri Jul 23 2021 00:00:00 GMT+0200 (Midden-Europese zomertijd)","alt":"Sculptuur van BijnensArt"},{"id":"20","title":"Ballonhondje goud","description":"Acrylverf indoor op kunsthars 20cm","type":"Sculptuur","paintingamount":"1","price":"130","buystate":"Te koop","views":14,"uploadDate":"Fri Jul 23 2021 00:00:00 GMT+0200 (Midden-Europese zomertijd)","alt":"Sculptuur van BijnensArt"},{"id":"21","title":"Masker","description":"Acrylverf op polyester H43","type":"Sculptuur","paintingamount":"1","price":"150","buystate":"Te koop","views":9,"uploadDate":"Fri Jul 23 2021 00:00:00 GMT+0200 (Midden-Europese zomertijd)","alt":"Sculptuur van BijnensArt"},{"id":"22","title":"Masker goud","description":"Acrylverf op polyester H 43","type":"Sculptuur","paintingamount":"1","price":"150","buystate":"Te koop","views":7,"uploadDate":"Fri Jul 23 2021 00:00:00 GMT+0200 (Midden-Europese zomertijd)","alt":"Sculptuur van BijnensArt"},{"id":"23","title":"Masker zwart wit","description":"Acrylverf op polyester H 43","type":"Sculptuur","paintingamount":"1","price":"150","buystate":"Te Koop","views":4,"uploadDate":"Fri Jul 23 2021 00:00:00 GMT+0200 (Midden-Europese zomertijd)","alt":"Sculptuur van BijnensArt"},{"id":"24","title":"Bol goud","description":"Acrylverf indoor op steen H25cm","type":"Sculptuur","paintingamount":"1","price":"130","buystate":"Te koop","views":17,"uploadDate":"Fri Jul 23 2021 00:00:00 GMT+0200 (Midden-Europese zomertijd)","alt":"Sculptuur van BijnensArt"},{"id":"25","title":"Im a bird","description":"Acrylverf op porceleingips H48","type":"Sculptuur","paintingamount":"1","price":"400","buystate":"Te koop","views":27,"uploadDate":"Fri Jul 23 2021 00:00:00 GMT+0200 (Midden-Europese zomertijd)","alt":"Sculptuur van BijnensArt"},{"id":"26","title":"Horen zien en zwijgen","description":"Acryl satin lak indoor op polyester","type":"Sculptuur","paintingamount":"1","price":"350","buystate":"te koop","views":45,"uploadDate":"Fri Jul 23 2021 00:00:00 GMT+0200 (Midden-Europese zomertijd)","alt":"Sculptuur van BijnensArt"},{"id":"27","title":"Piece Unique Vaas","description":"Acrylverf op porselein H74","type":"Sculptuur","paintingamount":"1","price":"275","buystate":"Te Koop","views":16,"uploadDate":"Fri Jul 23 2021 00:00:00 GMT+0200 (Midden-Europese zomertijd)","alt":"Sculptuur van BijnensArt"},{"id":"28","title":"Im a bird painting","description":"Acrylverf op canvas board 3 kaders van 30x40","type":"Schilderij","paintingamount":"1","price":"3 x 75","buystate":"Te koop","views":23,"uploadDate":"Fri Jul 23 2021 00:00:00 GMT+0200 (Midden-Europese zomertijd)","alt":"Schilderij van BijnensArt"},{"id":"29","title":"Clear your mind","description":"Acrylverf op canvas board 3 kaders van 33.5x33.5","type":"Schilderij","paintingamount":"1","price":"3 x 75","buystate":"Te Koop","views":40,"uploadDate":"Fri Jul 23 2021 00:00:00 GMT+0200 (Midden-Europese zomertijd)","alt":"Schilderij van BijnensArt"},{"id":"30","title":"Kunsteend Ducky","description":"Acrylverf op polyester 65x45x58","type":"Sculptuur","paintingamount":5,"price":"750","buystate":"Te koop","views":91,"uploadDate":"2022-08-23T17:52:25.892Z","alt":"Sculptuur van BijnensArt"},{"id":31,"title":"Zuil met appel","description":"Acryl outdoor lak op polyester","type":"Sculptuur","paintingamount":4,"price":"0","buystate":"NVT","views":40,"uploadDate":"2022-02-13T21:07:03.297Z","alt":"Sculptuur van BijnensArt"},{"id":"32","title":"Hertje","description":"Acryl satin lak indoor op polyester","type":"Sculptuur","paintingamount":"1","price":"120","buystate":"te koop","views":34,"uploadDate":"Fri Jul 23 2021 00:00:00 GMT+0200 (Midden-Europese zomertijd)","alt":"Sculptuur van BijnensArt"},{"id":"33","title":"Mixed worlds","description":"Acrylverf op doek 50x150","type":"Schilderij","paintingamount":"2","price":"450","buystate":"Te koop","views":41,"uploadDate":"Fri Jul 23 2021 00:00:00 GMT+0200 (Midden-Europese zomertijd)","alt":"Schilderij van BijnensArt"},{"id":34,"title":"True colours","description":"2x 100x100 Acrylverf op doek","type":"Schilderij","paintingamount":6,"price":"0","buystate":"NVT","views":44,"uploadDate":"2022-02-13T21:11:52.572Z","alt":"Schilderij van BijnensArt"},{"id":35,"title":"Bloempothoofd","description":"H 34 Acryl outdoor lak op polyester","type":"Sculptuur","paintingamount":4,"price":"0","buystate":"NVT","views":29,"uploadDate":"2022-02-13T21:42:27.698Z","alt":"Sculptuur van BijnensArt"},{"id":"36","title":"Katten","description":"Acryl outdooklak op polyester","type":"Sculptuur","paintingamount":"1","price":"175","buystate":"Te koop","views":49,"uploadDate":"Fri Jul 23 2021 00:00:00 GMT+0200 (Midden-Europese zomertijd)","alt":"Sculptuur van BijnensArt"},{"id":"37","title":"Ballonhond groot","description":"Acryl satin lak outdoor op polyester","type":"Sculptuur","paintingamount":2,"price":"350","buystate":"te koop","views":52,"uploadDate":"2022-08-23T18:16:36.611Z","alt":"Sculptuur van BijnensArt"},{"id":"38","title":"Just for us","description":"100x140 Acrylverf op doek","type":"Schilderij","paintingamount":"4","price":"0000","buystate":"Verkocht","views":102,"uploadDate":"Wed Dec 15 2021 00:00:00 GMT+0100 (Midden-Europese standaardtijd)","alt":"Schilderij van BijnensArt"},{"id":"39","title":"Im a Gentlemen","description":"150x150 Acrylverf op doek","type":"Schilderij","paintingamount":"4","price":"0000","buystate":"Verkocht","views":31,"uploadDate":"Wed Dec 15 2021 00:00:00 GMT+0100 (Midden-Europese standaardtijd)","alt":"Schilderij van BijnensArt"},{"id":40,"title":"Enjoy every moment","description":"H 42  . Acryl outdoor lak op polyresin","type":"Sculptuur","paintingamount":4,"price":"0","buystate":"NVT","views":60,"uploadDate":"2022-02-13T21:44:09.742Z","alt":"Sculptuur van BijnensArt"},{"id":"41","title":"We are us","description":"Acrylverf op doek","type":"Schilderij","paintingamount":2,"price":"0","buystate":"NVT","views":44,"uploadDate":"Wed Dec 15 2021 00:00:00 GMT+0100 (Midden-Europese standaardtijd)","alt":"Schilderij van BijnensArt"},{"id":42,"title":"XL kat","description":"H 104 (staart) H 67 (romp). Acryl outdoor lak op polyester","type":"Sculptuur","paintingamount":8,"price":"0","buystate":"NVT","views":111,"uploadDate":"2022-08-23T18:15:24.413Z","alt":"Sculptuur van BijnensArt"},{"id":43,"title":"Connected with nature","description":"2x 100x 100. Acrylverf op doek","type":"Schilderij","paintingamount":3,"price":"0","buystate":"NVT","views":51,"uploadDate":"2022-02-13T21:50:09.349Z","alt":"Schilderij van BijnensArt"},{"id":44,"title":"Mixed worlds","description":"180x180 Acrylverf op doek","type":"Schilderij","paintingamount":3,"price":"0","buystate":"NVT","views":133,"uploadDate":"2022-02-13T21:53:16.959Z","alt":"Schilderij van BijnensArt"},{"id":45,"title":"Orde en Chaos","description":"2x H 60 Acryl indoor lak op porseleingips","type":"Sculptuur","paintingamount":2,"price":"0","buystate":"NVT","views":53,"uploadDate":"2022-02-18T13:12:43.334Z","alt":"Sculptuur van BijnensArt"},{"id":46,"title":"Bubalus","description":"80x120 Acrylverf op doek","type":"Schilderij","paintingamount":2,"price":"0","buystate":"NVT","views":45,"uploadDate":"2022-02-18T13:13:24.212Z","alt":"Schilderij van BijnensArt"},{"id":47,"title":"Summer ","description":"120x120 Acrylverf op doek","type":"Schilderij","paintingamount":3,"price":"NVT","buystate":"Te koop","views":97,"uploadDate":"2022-04-26T21:00:21.348Z","alt":"Schilderij van BijnensArt"},{"id":48,"title":"Two birds","description":"Acryl outdoor lak op porselein","type":"Sculptuur","paintingamount":3,"price":"NVT","buystate":"NVT","views":26,"uploadDate":"2022-04-26T21:11:38.120Z","alt":"Sculptuur van BijnensArt"},{"id":49,"title":"Bubalus","description":"Acryl satin lak op polyester.","type":"Sculptuur","paintingamount":1,"price":"NVT","buystate":"Te koop","views":33,"uploadDate":"2022-04-26T21:01:29.008Z","alt":"Schilderij van BijnensArt"},{"id":50,"title":"Im a strong Woman","description":"150x150 Acrylverf op doek","type":"Schilderij","paintingamount":4,"price":"NVT","buystate":"NVT","views":63,"uploadDate":"2022-06-07T12:49:09.689Z","alt":"Schilderij van BijnensArt"},{"id":51,"title":"Afrikaans beeld in een nieuw jasje op sokkel","description":"Acryl satin lak op hout","type":"Sculptuur","paintingamount":2,"price":"NVT","buystate":"Te koop","views":23,"uploadDate":"2022-04-26T21:02:35.161Z","alt":"Sculptuur van BijnensArt"},{"id":52,"title":"Verbonden XL","description":" 120x180 Acrylverf op doek","type":"Schilderij","paintingamount":3,"price":"NVT","buystate":"Te koop","views":60,"uploadDate":"2022-04-26T21:03:05.789Z","alt":"Schilderij van BijnensArt"},{"id":53,"title":"Wijnfles","description":"Ook verhuur evenementen mogelijk","type":"Sculptuur","paintingamount":2,"price":"NVT","buystate":"Te koop/Verhuur","views":41,"uploadDate":"2022-08-23T17:52:25.892Z","alt":"Sculptuur van BijnensArt"},{"id":54,"title":"Bulldog","description":"Acryl satin outdoorlak op polyester H: 60cm","type":"Sculptuur","paintingamount":2,"price":"NVT","buystate":"NVT","views":53,"uploadDate":"2022-08-23T18:21:58.199Z","alt":"Sculptuur van BijnensArt"},{"id":55,"title":"Beertje","description":"Acryl Satinlak op porselein","type":"Sculptuur","paintingamount":4,"price":"NVT","buystate":"NVT","views":17,"uploadDate":"2022-10-02T20:48:02.750Z","alt":"Sculptuur van BijnensArt"},{"id":56,"title":"Waterpomp","description":"Acryl Satinlak op porselein","type":"Sculptuur","paintingamount":2,"price":"NVT","buystate":"NVT","views":15,"uploadDate":"2022-10-02T20:48:32.176Z","alt":"Sculptuur van BijnensArt"},{"id":57,"title":"Kleine Bulldog","description":"Acryl Outdoorlak op polyester","type":"Sculptuur","paintingamount":2,"price":"NVT","buystate":"NVT","views":24,"uploadDate":"2022-10-02T20:49:00.927Z","alt":"Sculptuur van BijnensArt"},{"id":58,"title":"Vogel","description":"Acryl Outdoorlak op polyester","type":"Sculptuur","paintingamount":6,"price":"NVT","buystate":"NVT","views":49,"uploadDate":"2022-10-02T20:49:58.452Z","alt":"Sculptuur van BijnensArt"},{"id":59,"title":"Appel","description":"acryl outdoor lak op polyester","type":"Sculptuur","paintingamount":6,"price":"NVT","buystate":"NVT","views":36,"uploadDate":"2023-07-06T15:25:00.079Z","alt":"Sculptuur van BijnensArt"},{"id":60,"title":"A Horse With No Name","description":"Acrylverf op doek 60x8","type":"Schilderij","paintingamount":3,"price":"NVT","buystate":"NVT","views":32,"uploadDate":"2023-01-18T23:55:00.835Z","alt":"Schilderij van BijnensArt"},{"id":61,"title":"Maurice","description":"Acrylverf op doek 120x80","type":"Schilderij","paintingamount":4,"price":"NVT","buystate":"NVT","views":129,"uploadDate":"2023-01-18T23:55:39.459Z","alt":"Schilderij van BijnensArt"},{"id":62,"title":"Alfred, Alfons en Alfien","description":"Eend met laarsjes acryl satin lak op bamboe","type":"Sculptuur","paintingamount":4,"price":"NVT","buystate":"NVT","views":55,"uploadDate":"2023-07-06T15:25:52.357Z","alt":"Sculptuur van BijnensArt"},{"id":63,"title":"Be like a Lion.","description":"Acryl op doek 60x 80","type":"Schilderij","paintingamount":3,"price":"NVT","buystate":"NVT","views":25,"uploadDate":"2023-07-06T15:27:38.287Z","alt":"Schilderij van BijnensArt"},{"id":64,"title":"A monkey is always a monkey","description":"H 40 Acryl satin lak op porselein","type":"Sculptuur","paintingamount":4,"price":"NVT","buystate":"NVT","views":51,"uploadDate":"2023-07-06T15:28:08.096Z","alt":"Sculptuur van BijnensArt"},{"id":65,"title":"Lost Without you ","description":"Acrylverf op doek 50x70","type":"Schilderij","paintingamount":3,"price":"NVT","buystate":"NVT","views":15,"uploadDate":"2023-11-17T11:22:02.698Z","alt":"Schilderij van BijnensArt"},{"id":66,"title":"Safe with you ","description":"Acrylverf op doek 50x70","type":"Schilderij","paintingamount":3,"price":"NVT","buystate":"NVT","views":30,"uploadDate":"2023-11-17T11:22:46.662Z","alt":"Schilderij van BijnensArt"},{"id":67,"title":"Wintertime","description":"acrylverf op doek 120x120 (Inspired by the song Mad World Gary Jules)","type":"Schilderij","paintingamount":3,"price":"NVT","buystate":"NVT","views":15,"uploadDate":"2024-03-06T14:02:16.528Z","alt":"Schilderij van BijnensArt"},{"id":68,"title":"Seasons","description":"Collectie acrylverf op doek 120x120","type":"Schilderij","paintingamount":7,"price":"NVT","buystate":"NVT","views":46,"uploadDate":"2024-03-06T14:06:39.648Z","alt":"Schilderij van BijnensArt"}]